ctf_id,Number,Question,StartTime,EndTime,BasePoints,AdditionalBonusPoints,AdditionalBonusInstructions,Subject,ChallengeID,PrimarySourcetype,LearningObjective,ReferenceSPL
silk_specter_hard,1,Which external IP is associated with the suspicious SGSI VPN success?,,,90,0,,initial_access,H001,"radius:auth,pan:traffic",Reconstruct quiet valid-account access without relying on failed logons,"index=<index> ((sourcetype=radius:auth host=SGSI-RADIUS-01) OR (sourcetype=pan:traffic host=SGSI-FW-01))
| sort _time
| table _time host user calling_station nas auth_method result src dest src_port dest_port rule natsrc natdst"
silk_specter_hard,2,Which account authenticates in the suspicious SGSI VPN session?,,,90,0,,initial_access,H002,"radius:auth,pan:traffic",Reconstruct quiet valid-account access without relying on failed logons,"index=<index> ((sourcetype=radius:auth host=SGSI-RADIUS-01) OR (sourcetype=pan:traffic host=SGSI-FW-01))
| sort _time
| table _time host user calling_station nas auth_method result src dest src_port dest_port rule natsrc natdst"
silk_specter_hard,3,Which RADIUS server records the suspicious session?,,,90,0,,initial_access,H003,"radius:auth,pan:traffic",Reconstruct quiet valid-account access without relying on failed logons,"index=<index> ((sourcetype=radius:auth host=SGSI-RADIUS-01) OR (sourcetype=pan:traffic host=SGSI-FW-01))
| sort _time
| table _time host user calling_station nas auth_method result src dest src_port dest_port rule natsrc natdst"
silk_specter_hard,4,Which VPN gateway is named as the NAS?,,,90,0,,initial_access,H004,"radius:auth,pan:traffic",Reconstruct quiet valid-account access without relying on failed logons,"index=<index> ((sourcetype=radius:auth host=SGSI-RADIUS-01) OR (sourcetype=pan:traffic host=SGSI-FW-01))
| sort _time
| table _time host user calling_station nas auth_method result src dest src_port dest_port rule natsrc natdst"
silk_specter_hard,5,What authentication method is used by the suspicious VPN success?,,,90,0,,initial_access,H005,"radius:auth,pan:traffic",Reconstruct quiet valid-account access without relying on failed logons,"index=<index> ((sourcetype=radius:auth host=SGSI-RADIUS-01) OR (sourcetype=pan:traffic host=SGSI-FW-01))
| sort _time
| table _time host user calling_station nas auth_method result src dest src_port dest_port rule natsrc natdst"
silk_specter_hard,6,What public VPN address is contacted by the suspicious session?,,,90,0,,initial_access,H006,"radius:auth,pan:traffic",Reconstruct quiet valid-account access without relying on failed logons,"index=<index> ((sourcetype=radius:auth host=SGSI-RADIUS-01) OR (sourcetype=pan:traffic host=SGSI-FW-01))
| sort _time
| table _time host user calling_station nas auth_method result src dest src_port dest_port rule natsrc natdst"
silk_specter_hard,7,Which internal host IP is the VPN session translated toward?,,,90,0,,initial_access,H007,"radius:auth,pan:traffic",Reconstruct quiet valid-account access without relying on failed logons,"index=<index> ((sourcetype=radius:auth host=SGSI-RADIUS-01) OR (sourcetype=pan:traffic host=SGSI-FW-01))
| sort _time
| table _time host user calling_station nas auth_method result src dest src_port dest_port rule natsrc natdst"
silk_specter_hard,8,Which firewall rule permits the suspicious VPN traffic?,,,90,0,,initial_access,H008,"radius:auth,pan:traffic",Reconstruct quiet valid-account access without relying on failed logons,"index=<index> ((sourcetype=radius:auth host=SGSI-RADIUS-01) OR (sourcetype=pan:traffic host=SGSI-FW-01))
| sort _time
| table _time host user calling_station nas auth_method result src dest src_port dest_port rule natsrc natdst"
silk_specter_hard,9,What external source port is used by the suspicious VPN traffic?,,,90,0,,initial_access,H009,"radius:auth,pan:traffic",Reconstruct quiet valid-account access without relying on failed logons,"index=<index> ((sourcetype=radius:auth host=SGSI-RADIUS-01) OR (sourcetype=pan:traffic host=SGSI-FW-01))
| sort _time
| table _time host user calling_station nas auth_method result src dest src_port dest_port rule natsrc natdst"
silk_specter_hard,10,Which jump host receives the resulting access?,,,90,0,,initial_access,H010,"radius:auth,pan:traffic",Reconstruct quiet valid-account access without relying on failed logons,"index=<index> ((sourcetype=radius:auth host=SGSI-RADIUS-01) OR (sourcetype=pan:traffic host=SGSI-FW-01))
| sort _time
| table _time host user calling_station nas auth_method result src dest src_port dest_port rule natsrc natdst"
silk_specter_hard,11,Which external IP belongs to the approved vendor VPN lookalike?,,,95,0,,change_context,H011,"servicenow:audit,radius:auth",Use change-control context to distinguish malicious activity from legitimate lookalikes,"index=<index> (sourcetype=servicenow:audit OR sourcetype=radius:auth)
| search host=SERVICENOW OR host=SGSI-RADIUS-01
| sort _time
| table _time sourcetype user_name user action documentkey details calling_station nas result"
silk_specter_hard,12,Which change request authorizes the benign vendor tunnel health check?,,,95,0,,change_context,H012,"servicenow:audit,radius:auth",Use change-control context to distinguish malicious activity from legitimate lookalikes,"index=<index> (sourcetype=servicenow:audit OR sourcetype=radius:auth)
| search host=SERVICENOW OR host=SGSI-RADIUS-01
| sort _time
| table _time sourcetype user_name user action documentkey details calling_station nas result"
silk_specter_hard,13,Which administrator is recorded on that approved change?,,,95,0,,change_context,H013,"servicenow:audit,radius:auth",Use change-control context to distinguish malicious activity from legitimate lookalikes,"index=<index> (sourcetype=servicenow:audit OR sourcetype=radius:auth)
| search host=SERVICENOW OR host=SGSI-RADIUS-01
| sort _time
| table _time sourcetype user_name user action documentkey details calling_station nas result"
silk_specter_hard,14,What expected source IP is named in the approved vendor change?,,,95,0,,change_context,H014,"servicenow:audit,radius:auth",Use change-control context to distinguish malicious activity from legitimate lookalikes,"index=<index> (sourcetype=servicenow:audit OR sourcetype=radius:auth)
| search host=SERVICENOW OR host=SGSI-RADIUS-01
| sort _time
| table _time sourcetype user_name user action documentkey details calling_station nas result"
silk_specter_hard,15,Which unrelated change request occurs near the malicious VPN session?,,,95,0,,change_context,H015,"servicenow:audit,radius:auth",Use change-control context to distinguish malicious activity from legitimate lookalikes,"index=<index> (sourcetype=servicenow:audit OR sourcetype=radius:auth)
| search host=SERVICENOW OR host=SGSI-RADIUS-01
| sort _time
| table _time sourcetype user_name user action documentkey details calling_station nas result"
silk_specter_hard,16,What activity is described by CHG0064899?,,,95,0,,change_context,H016,"servicenow:audit,radius:auth",Use change-control context to distinguish malicious activity from legitimate lookalikes,"index=<index> (sourcetype=servicenow:audit OR sourcetype=radius:auth)
| search host=SERVICENOW OR host=SGSI-RADIUS-01
| sort _time
| table _time sourcetype user_name user action documentkey details calling_station nas result"
silk_specter_hard,17,Does the malicious source 103.27.186.44 appear in the approved vendor change detail?,,,95,0,,change_context,H017,"servicenow:audit,radius:auth",Use change-control context to distinguish malicious activity from legitimate lookalikes,"index=<index> (sourcetype=servicenow:audit OR sourcetype=radius:auth)
| search host=SERVICENOW OR host=SGSI-RADIUS-01
| sort _time
| table _time sourcetype user_name user action documentkey details calling_station nas result"
silk_specter_hard,18,Which service account appears in both the approved lookalike and suspicious VPN events?,,,95,0,,change_context,H018,"servicenow:audit,radius:auth",Use change-control context to distinguish malicious activity from legitimate lookalikes,"index=<index> (sourcetype=servicenow:audit OR sourcetype=radius:auth)
| search host=SERVICENOW OR host=SGSI-RADIUS-01
| sort _time
| table _time sourcetype user_name user action documentkey details calling_station nas result"
silk_specter_hard,19,Which source distinguishes the suspicious session from the approved lookalike?,,,95,0,,change_context,H019,"servicenow:audit,radius:auth",Use change-control context to distinguish malicious activity from legitimate lookalikes,"index=<index> (sourcetype=servicenow:audit OR sourcetype=radius:auth)
| search host=SERVICENOW OR host=SGSI-RADIUS-01
| sort _time
| table _time sourcetype user_name user action documentkey details calling_station nas result"
silk_specter_hard,20,Which evidence family is required to establish whether vendor access was authorized?,,,95,0,,change_context,H020,"servicenow:audit,radius:auth",Use change-control context to distinguish malicious activity from legitimate lookalikes,"index=<index> (sourcetype=servicenow:audit OR sourcetype=radius:auth)
| search host=SERVICENOW OR host=SGSI-RADIUS-01
| sort _time
| table _time sourcetype user_name user action documentkey details calling_station nas result"
silk_specter_hard,21,Which account performs low-and-slow discovery on SGSI-NET-JMP-02?,,,90,0,,discovery,H021,XmlWinEventLog,Correlate dual Windows process-audit channels,"index=<index> host=SGSI-NET-JMP-02 sourcetype=XmlWinEventLog (EventCode=1 OR EventCode=4688)
| sort _time
| table _time source EventCode User SubjectUserName Image NewProcessName CommandLine ParentImage ParentProcessName"
silk_specter_hard,22,Which command enumerates the current identity and token context?,,,90,0,,discovery,H022,XmlWinEventLog,Correlate dual Windows process-audit channels,"index=<index> host=SGSI-NET-JMP-02 sourcetype=XmlWinEventLog (EventCode=1 OR EventCode=4688)
| sort _time
| table _time source EventCode User SubjectUserName Image NewProcessName CommandLine ParentImage ParentProcessName"
silk_specter_hard,23,Which command collects interface and DNS configuration?,,,90,0,,discovery,H023,XmlWinEventLog,Correlate dual Windows process-audit channels,"index=<index> host=SGSI-NET-JMP-02 sourcetype=XmlWinEventLog (EventCode=1 OR EventCode=4688)
| sort _time
| table _time source EventCode User SubjectUserName Image NewProcessName CommandLine ParentImage ParentProcessName"
silk_specter_hard,24,Which command enumerates the local ARP cache?,,,90,0,,discovery,H024,XmlWinEventLog,Correlate dual Windows process-audit channels,"index=<index> host=SGSI-NET-JMP-02 sourcetype=XmlWinEventLog (EventCode=1 OR EventCode=4688)
| sort _time
| table _time source EventCode User SubjectUserName Image NewProcessName CommandLine ParentImage ParentProcessName"
silk_specter_hard,25,Which command probes the remote system name `\\JPTY-HIST-MGMT-01`?,,,90,0,,discovery,H025,XmlWinEventLog,Correlate dual Windows process-audit channels,"index=<index> host=SGSI-NET-JMP-02 sourcetype=XmlWinEventLog (EventCode=1 OR EventCode=4688)
| sort _time
| table _time source EventCode User SubjectUserName Image NewProcessName CommandLine ParentImage ParentProcessName"
silk_specter_hard,26,Which four executables are used for the SGSI discovery sequence? Answer format example: value1;value2 (use semicolons; spaces are optional; order does not matter).,,,90,0,,discovery,H026,XmlWinEventLog,Correlate dual Windows process-audit channels,"index=<index> host=SGSI-NET-JMP-02 sourcetype=XmlWinEventLog (EventCode=1 OR EventCode=4688)
| sort _time
| table _time source EventCode User SubjectUserName Image NewProcessName CommandLine ParentImage ParentProcessName"
silk_specter_hard,27,Which parent process launches the discovery utilities?,,,90,0,,discovery,H027,XmlWinEventLog,Correlate dual Windows process-audit channels,"index=<index> host=SGSI-NET-JMP-02 sourcetype=XmlWinEventLog (EventCode=1 OR EventCode=4688)
| sort _time
| table _time source EventCode User SubjectUserName Image NewProcessName CommandLine ParentImage ParentProcessName"
silk_specter_hard,28,Which two Windows process-audit EventCodes corroborate the discovery commands? Answer format example: value1;value2 (use semicolons; spaces are optional; order does not matter).,,,90,0,,discovery,H028,XmlWinEventLog,Correlate dual Windows process-audit channels,"index=<index> host=SGSI-NET-JMP-02 sourcetype=XmlWinEventLog (EventCode=1 OR EventCode=4688)
| sort _time
| table _time source EventCode User SubjectUserName Image NewProcessName CommandLine ParentImage ParentProcessName"
silk_specter_hard,29,Which host records all four discovery commands?,,,90,0,,discovery,H029,XmlWinEventLog,Correlate dual Windows process-audit channels,"index=<index> host=SGSI-NET-JMP-02 sourcetype=XmlWinEventLog (EventCode=1 OR EventCode=4688)
| sort _time
| table _time source EventCode User SubjectUserName Image NewProcessName CommandLine ParentImage ParentProcessName"
silk_specter_hard,30,How many distinct discovery commands are in the static SGSI discovery sequence?,,,90,0,,discovery,H030,XmlWinEventLog,Correlate dual Windows process-audit channels,"index=<index> host=SGSI-NET-JMP-02 sourcetype=XmlWinEventLog (EventCode=1 OR EventCode=4688)
| sort _time
| table _time source EventCode User SubjectUserName Image NewProcessName CommandLine ParentImage ParentProcessName"
silk_specter_hard,31,Which utility creates the covert forwarding rule on SGSI-NET-JMP-02?,,,105,0,,covert_portproxy,H031,"XmlWinEventLog,bro:conn:json,cisco:asa",Distinguish unauthorized portproxy use from an approved administrative lookalike,"index=<index> (host=SGSI-NET-JMP-02 OR host=SGSI-ZEEK-01 OR host=SGSI-FW-03)
| search ""portproxy"" OR ""8443"" OR ""10.61.80.14""
| sort _time
| table _time host sourcetype source User Image CommandLine id.orig_h id.resp_h id.resp_p"
silk_specter_hard,32,What local listen port is configured by the suspicious portproxy rule?,,,105,0,,covert_portproxy,H032,"XmlWinEventLog,bro:conn:json,cisco:asa",Distinguish unauthorized portproxy use from an approved administrative lookalike,"index=<index> (host=SGSI-NET-JMP-02 OR host=SGSI-ZEEK-01 OR host=SGSI-FW-03)
| search ""portproxy"" OR ""8443"" OR ""10.61.80.14""
| sort _time
| table _time host sourcetype source User Image CommandLine id.orig_h id.resp_h id.resp_p"
silk_specter_hard,33,What local listen address is configured by the suspicious portproxy rule?,,,105,0,,covert_portproxy,H033,"XmlWinEventLog,bro:conn:json,cisco:asa",Distinguish unauthorized portproxy use from an approved administrative lookalike,"index=<index> (host=SGSI-NET-JMP-02 OR host=SGSI-ZEEK-01 OR host=SGSI-FW-03)
| search ""portproxy"" OR ""8443"" OR ""10.61.80.14""
| sort _time
| table _time host sourcetype source User Image CommandLine id.orig_h id.resp_h id.resp_p"
silk_specter_hard,34,What remote connect address is configured by the suspicious portproxy rule?,,,105,0,,covert_portproxy,H034,"XmlWinEventLog,bro:conn:json,cisco:asa",Distinguish unauthorized portproxy use from an approved administrative lookalike,"index=<index> (host=SGSI-NET-JMP-02 OR host=SGSI-ZEEK-01 OR host=SGSI-FW-03)
| search ""portproxy"" OR ""8443"" OR ""10.61.80.14""
| sort _time
| table _time host sourcetype source User Image CommandLine id.orig_h id.resp_h id.resp_p"
silk_specter_hard,35,What remote connect port is configured by the suspicious portproxy rule?,,,105,0,,covert_portproxy,H035,"XmlWinEventLog,bro:conn:json,cisco:asa",Distinguish unauthorized portproxy use from an approved administrative lookalike,"index=<index> (host=SGSI-NET-JMP-02 OR host=SGSI-ZEEK-01 OR host=SGSI-FW-03)
| search ""portproxy"" OR ""8443"" OR ""10.61.80.14""
| sort _time
| table _time host sourcetype source User Image CommandLine id.orig_h id.resp_h id.resp_p"
silk_specter_hard,36,Which protocol/service does destination port 5985 indicate in this scenario?,,,105,0,,covert_portproxy,H036,"XmlWinEventLog,bro:conn:json,cisco:asa",Distinguish unauthorized portproxy use from an approved administrative lookalike,"index=<index> (host=SGSI-NET-JMP-02 OR host=SGSI-ZEEK-01 OR host=SGSI-FW-03)
| search ""portproxy"" OR ""8443"" OR ""10.61.80.14""
| sort _time
| table _time host sourcetype source User Image CommandLine id.orig_h id.resp_h id.resp_p"
silk_specter_hard,37,Which change request authorizes the separate benign 9443 portproxy?,,,105,0,,covert_portproxy,H037,"XmlWinEventLog,bro:conn:json,cisco:asa",Distinguish unauthorized portproxy use from an approved administrative lookalike,"index=<index> (host=SGSI-NET-JMP-02 OR host=SGSI-ZEEK-01 OR host=SGSI-FW-03)
| search ""portproxy"" OR ""8443"" OR ""10.61.80.14""
| sort _time
| table _time host sourcetype source User Image CommandLine id.orig_h id.resp_h id.resp_p"
silk_specter_hard,38,What listen port is used by the authorized benign portproxy?,,,105,0,,covert_portproxy,H038,"XmlWinEventLog,bro:conn:json,cisco:asa",Distinguish unauthorized portproxy use from an approved administrative lookalike,"index=<index> (host=SGSI-NET-JMP-02 OR host=SGSI-ZEEK-01 OR host=SGSI-FW-03)
| search ""portproxy"" OR ""8443"" OR ""10.61.80.14""
| sort _time
| table _time host sourcetype source User Image CommandLine id.orig_h id.resp_h id.resp_p"
silk_specter_hard,39,Which host contains the unauthorized 8443 portproxy?,,,105,0,,covert_portproxy,H039,"XmlWinEventLog,bro:conn:json,cisco:asa",Distinguish unauthorized portproxy use from an approved administrative lookalike,"index=<index> (host=SGSI-NET-JMP-02 OR host=SGSI-ZEEK-01 OR host=SGSI-FW-03)
| search ""portproxy"" OR ""8443"" OR ""10.61.80.14""
| sort _time
| table _time host sourcetype source User Image CommandLine id.orig_h id.resp_h id.resp_p"
silk_specter_hard,40,Which two network evidence sources corroborate the SGSI-to-JPTY proxy leg? Answer format example: value1;value2 (use semicolons; spaces are optional; order does not matter).,,,105,0,,covert_portproxy,H040,"XmlWinEventLog,bro:conn:json,cisco:asa",Distinguish unauthorized portproxy use from an approved administrative lookalike,"index=<index> (host=SGSI-NET-JMP-02 OR host=SGSI-ZEEK-01 OR host=SGSI-FW-03)
| search ""portproxy"" OR ""8443"" OR ""10.61.80.14""
| sort _time
| table _time host sourcetype source User Image CommandLine id.orig_h id.resp_h id.resp_p"
silk_specter_hard,41,Which Tokyo host receives the cross-region remote logon?,,,105,0,,cross_region_winrm,H041,"XmlWinEventLog,bro:conn:json,juniper","Correlate identity, endpoint, Zeek, and firewall evidence for cross-region WinRM","index=<index> (host=SGSI-ZEEK-01 OR host=SGSI-FW-03 OR host=JPTY-ZEEK-01 OR host=JPTY-FW-03 OR host=JPTY-HIST-MGMT-01)
| search ""5985"" OR ""svc-histmaint"" OR ""wsmprovhost""
| sort _time
| table _time host sourcetype source user TargetUserName IpAddress id.orig_h id.resp_h id.resp_p Image CommandLine"
silk_specter_hard,42,Which account is used for the Tokyo remote logon?,,,105,0,,cross_region_winrm,H042,"XmlWinEventLog,bro:conn:json,juniper","Correlate identity, endpoint, Zeek, and firewall evidence for cross-region WinRM","index=<index> (host=SGSI-ZEEK-01 OR host=SGSI-FW-03 OR host=JPTY-ZEEK-01 OR host=JPTY-FW-03 OR host=JPTY-HIST-MGMT-01)
| search ""5985"" OR ""svc-histmaint"" OR ""wsmprovhost""
| sort _time
| table _time host sourcetype source user TargetUserName IpAddress id.orig_h id.resp_h id.resp_p Image CommandLine"
silk_specter_hard,43,What source IP is recorded in the Tokyo Windows logon event?,,,105,0,,cross_region_winrm,H043,"XmlWinEventLog,bro:conn:json,juniper","Correlate identity, endpoint, Zeek, and firewall evidence for cross-region WinRM","index=<index> (host=SGSI-ZEEK-01 OR host=SGSI-FW-03 OR host=JPTY-ZEEK-01 OR host=JPTY-FW-03 OR host=JPTY-HIST-MGMT-01)
| search ""5985"" OR ""svc-histmaint"" OR ""wsmprovhost""
| sort _time
| table _time host sourcetype source user TargetUserName IpAddress id.orig_h id.resp_h id.resp_p Image CommandLine"
silk_specter_hard,44,What Windows logon type is recorded for the Tokyo remote access?,,,105,0,,cross_region_winrm,H044,"XmlWinEventLog,bro:conn:json,juniper","Correlate identity, endpoint, Zeek, and firewall evidence for cross-region WinRM","index=<index> (host=SGSI-ZEEK-01 OR host=SGSI-FW-03 OR host=JPTY-ZEEK-01 OR host=JPTY-FW-03 OR host=JPTY-HIST-MGMT-01)
| search ""5985"" OR ""svc-histmaint"" OR ""wsmprovhost""
| sort _time
| table _time host sourcetype source user TargetUserName IpAddress id.orig_h id.resp_h id.resp_p Image CommandLine"
silk_specter_hard,45,What authentication package is recorded for the Tokyo remote logon?,,,105,0,,cross_region_winrm,H045,"XmlWinEventLog,bro:conn:json,juniper","Correlate identity, endpoint, Zeek, and firewall evidence for cross-region WinRM","index=<index> (host=SGSI-ZEEK-01 OR host=SGSI-FW-03 OR host=JPTY-ZEEK-01 OR host=JPTY-FW-03 OR host=JPTY-HIST-MGMT-01)
| search ""5985"" OR ""svc-histmaint"" OR ""wsmprovhost""
| sort _time
| table _time host sourcetype source user TargetUserName IpAddress id.orig_h id.resp_h id.resp_p Image CommandLine"
silk_specter_hard,46,Which process parent indicates a WinRM-hosted remote PowerShell session?,,,105,0,,cross_region_winrm,H046,"XmlWinEventLog,bro:conn:json,juniper","Correlate identity, endpoint, Zeek, and firewall evidence for cross-region WinRM","index=<index> (host=SGSI-ZEEK-01 OR host=SGSI-FW-03 OR host=JPTY-ZEEK-01 OR host=JPTY-FW-03 OR host=JPTY-HIST-MGMT-01)
| search ""5985"" OR ""svc-histmaint"" OR ""wsmprovhost""
| sort _time
| table _time host sourcetype source user TargetUserName IpAddress id.orig_h id.resp_h id.resp_p Image CommandLine"
silk_specter_hard,47,What destination port is seen in Zeek for the Tokyo WinRM session?,,,105,0,,cross_region_winrm,H047,"XmlWinEventLog,bro:conn:json,juniper","Correlate identity, endpoint, Zeek, and firewall evidence for cross-region WinRM","index=<index> (host=SGSI-ZEEK-01 OR host=SGSI-FW-03 OR host=JPTY-ZEEK-01 OR host=JPTY-FW-03 OR host=JPTY-HIST-MGMT-01)
| search ""5985"" OR ""svc-histmaint"" OR ""wsmprovhost""
| sort _time
| table _time host sourcetype source user TargetUserName IpAddress id.orig_h id.resp_h id.resp_p Image CommandLine"
silk_specter_hard,48,Which Zeek sensor observes the Tokyo WinRM session?,,,105,0,,cross_region_winrm,H048,"XmlWinEventLog,bro:conn:json,juniper","Correlate identity, endpoint, Zeek, and firewall evidence for cross-region WinRM","index=<index> (host=SGSI-ZEEK-01 OR host=SGSI-FW-03 OR host=JPTY-ZEEK-01 OR host=JPTY-FW-03 OR host=JPTY-HIST-MGMT-01)
| search ""5985"" OR ""svc-histmaint"" OR ""wsmprovhost""
| sort _time
| table _time host sourcetype source user TargetUserName IpAddress id.orig_h id.resp_h id.resp_p Image CommandLine"
silk_specter_hard,49,Which firewall records the Tokyo OT-boundary flow?,,,105,0,,cross_region_winrm,H049,"XmlWinEventLog,bro:conn:json,juniper","Correlate identity, endpoint, Zeek, and firewall evidence for cross-region WinRM","index=<index> (host=SGSI-ZEEK-01 OR host=SGSI-FW-03 OR host=JPTY-ZEEK-01 OR host=JPTY-FW-03 OR host=JPTY-HIST-MGMT-01)
| search ""5985"" OR ""svc-histmaint"" OR ""wsmprovhost""
| sort _time
| table _time host sourcetype source user TargetUserName IpAddress id.orig_h id.resp_h id.resp_p Image CommandLine"
silk_specter_hard,50,Which ATT&CK technique ID is assigned to the WinRM lateral movement?,,,105,0,,cross_region_winrm,H050,"XmlWinEventLog,bro:conn:json,juniper","Correlate identity, endpoint, Zeek, and firewall evidence for cross-region WinRM","index=<index> (host=SGSI-ZEEK-01 OR host=SGSI-FW-03 OR host=JPTY-ZEEK-01 OR host=JPTY-FW-03 OR host=JPTY-HIST-MGMT-01)
| search ""5985"" OR ""svc-histmaint"" OR ""wsmprovhost""
| sort _time
| table _time host sourcetype source user TargetUserName IpAddress id.orig_h id.resp_h id.resp_p Image CommandLine"
silk_specter_hard,51,Which host is used as the OT-adjacent management foothold?,,,110,0,,ot_prepositioning,H051,XmlWinEventLog,Identify read-only pre-positioning near OT without assuming process execution implies control impact,"index=<index> host=JPTY-HIST-MGMT-01 sourcetype=XmlWinEventLog (EventCode=1 OR EventCode=4688)
| search ""svc-histmaint""
| sort _time
| table _time source EventCode User SubjectUserName Image NewProcessName CommandLine ParentImage ParentProcessName"
silk_specter_hard,52,Which command enumerates Windows services on the OT-adjacent host?,,,110,0,,ot_prepositioning,H052,XmlWinEventLog,Identify read-only pre-positioning near OT without assuming process execution implies control impact,"index=<index> host=JPTY-HIST-MGMT-01 sourcetype=XmlWinEventLog (EventCode=1 OR EventCode=4688)
| search ""svc-histmaint""
| sort _time
| table _time source EventCode User SubjectUserName Image NewProcessName CommandLine ParentImage ParentProcessName"
silk_specter_hard,53,Which command queries the Asteron Historian registry key?,,,110,0,,ot_prepositioning,H053,XmlWinEventLog,Identify read-only pre-positioning near OT without assuming process execution implies control impact,"index=<index> host=JPTY-HIST-MGMT-01 sourcetype=XmlWinEventLog (EventCode=1 OR EventCode=4688)
| search ""svc-histmaint""
| sort _time
| table _time source EventCode User SubjectUserName Image NewProcessName CommandLine ParentImage ParentProcessName"
silk_specter_hard,54,Which command enumerates current network connections?,,,110,0,,ot_prepositioning,H054,XmlWinEventLog,Identify read-only pre-positioning near OT without assuming process execution implies control impact,"index=<index> host=JPTY-HIST-MGMT-01 sourcetype=XmlWinEventLog (EventCode=1 OR EventCode=4688)
| search ""svc-histmaint""
| sort _time
| table _time source EventCode User SubjectUserName Image NewProcessName CommandLine ParentImage ParentProcessName"
silk_specter_hard,55,Which command enumerates scheduled tasks in verbose list format?,,,110,0,,ot_prepositioning,H055,XmlWinEventLog,Identify read-only pre-positioning near OT without assuming process execution implies control impact,"index=<index> host=JPTY-HIST-MGMT-01 sourcetype=XmlWinEventLog (EventCode=1 OR EventCode=4688)
| search ""svc-histmaint""
| sort _time
| table _time source EventCode User SubjectUserName Image NewProcessName CommandLine ParentImage ParentProcessName"
silk_specter_hard,56,Which DNS name is queried from the historian management host?,,,110,0,,ot_prepositioning,H056,XmlWinEventLog,Identify read-only pre-positioning near OT without assuming process execution implies control impact,"index=<index> host=JPTY-HIST-MGMT-01 sourcetype=XmlWinEventLog (EventCode=1 OR EventCode=4688)
| search ""svc-histmaint""
| sort _time
| table _time source EventCode User SubjectUserName Image NewProcessName CommandLine ParentImage ParentProcessName"
silk_specter_hard,57,What IP address is returned for the historian backup name?,,,110,0,,ot_prepositioning,H057,XmlWinEventLog,Identify read-only pre-positioning near OT without assuming process execution implies control impact,"index=<index> host=JPTY-HIST-MGMT-01 sourcetype=XmlWinEventLog (EventCode=1 OR EventCode=4688)
| search ""svc-histmaint""
| sort _time
| table _time source EventCode User SubjectUserName Image NewProcessName CommandLine ParentImage ParentProcessName"
silk_specter_hard,58,Which process performs the historian-backup DNS query?,,,110,0,,ot_prepositioning,H058,XmlWinEventLog,Identify read-only pre-positioning near OT without assuming process execution implies control impact,"index=<index> host=JPTY-HIST-MGMT-01 sourcetype=XmlWinEventLog (EventCode=1 OR EventCode=4688)
| search ""svc-histmaint""
| sort _time
| table _time source EventCode User SubjectUserName Image NewProcessName CommandLine ParentImage ParentProcessName"
silk_specter_hard,59,How many distinct OT-adjacent discovery commands precede the DNS query?,,,110,0,,ot_prepositioning,H059,XmlWinEventLog,Identify read-only pre-positioning near OT without assuming process execution implies control impact,"index=<index> host=JPTY-HIST-MGMT-01 sourcetype=XmlWinEventLog (EventCode=1 OR EventCode=4688)
| search ""svc-histmaint""
| sort _time
| table _time source EventCode User SubjectUserName Image NewProcessName CommandLine ParentImage ParentProcessName"
silk_specter_hard,60,Which account performs the OT-adjacent discovery?,,,110,0,,ot_prepositioning,H060,XmlWinEventLog,Identify read-only pre-positioning near OT without assuming process execution implies control impact,"index=<index> host=JPTY-HIST-MGMT-01 sourcetype=XmlWinEventLog (EventCode=1 OR EventCode=4688)
| search ""svc-histmaint""
| sort _time
| table _time source EventCode User SubjectUserName Image NewProcessName CommandLine ParentImage ParentProcessName"
silk_specter_hard,61,Which file server is read during the JPTY engineering-support collection?,,,110,0,,collection,H061,"bro:smb_files:json,XmlWinEventLog",Reconstruct collection from network file reads and native PowerShell staging,"index=<index> ((host=JPTY-ZEEK-01 (sourcetype=bro:conn:json OR sourcetype=bro:smb_files:json)) OR host=JPTY-HIST-MGMT-01 OR host=JPTY-ENG-FS-01)
| search ""10.61.60.31"" OR ""Engineering"" OR ""svc-histmaint""
| sort _time
| table _time host sourcetype source name path action id.orig_h id.resp_h User TargetUserName Image CommandLine"
silk_specter_hard,62,Which share path contains the collected support files?,,,110,0,,collection,H062,"bro:smb_files:json,XmlWinEventLog",Reconstruct collection from network file reads and native PowerShell staging,"index=<index> ((host=JPTY-ZEEK-01 (sourcetype=bro:conn:json OR sourcetype=bro:smb_files:json)) OR host=JPTY-HIST-MGMT-01 OR host=JPTY-ENG-FS-01)
| search ""10.61.60.31"" OR ""Engineering"" OR ""svc-histmaint""
| sort _time
| table _time host sourcetype source name path action id.orig_h id.resp_h User TargetUserName Image CommandLine"
silk_specter_hard,63,Which five filenames are read from the OT support share? Answer format example: value1;value2 (use semicolons; spaces are optional; order does not matter).,,,110,0,,collection,H063,"bro:smb_files:json,XmlWinEventLog",Reconstruct collection from network file reads and native PowerShell staging,"index=<index> ((host=JPTY-ZEEK-01 (sourcetype=bro:conn:json OR sourcetype=bro:smb_files:json)) OR host=JPTY-HIST-MGMT-01 OR host=JPTY-ENG-FS-01)
| search ""10.61.60.31"" OR ""Engineering"" OR ""svc-histmaint""
| sort _time
| table _time host sourcetype source name path action id.orig_h id.resp_h User TargetUserName Image CommandLine"
silk_specter_hard,64,How many distinct files are read from the OT support share?,,,110,0,,collection,H064,"bro:smb_files:json,XmlWinEventLog",Reconstruct collection from network file reads and native PowerShell staging,"index=<index> ((host=JPTY-ZEEK-01 (sourcetype=bro:conn:json OR sourcetype=bro:smb_files:json)) OR host=JPTY-HIST-MGMT-01 OR host=JPTY-ENG-FS-01)
| search ""10.61.60.31"" OR ""Engineering"" OR ""svc-histmaint""
| sort _time
| table _time host sourcetype source name path action id.orig_h id.resp_h User TargetUserName Image CommandLine"
silk_specter_hard,65,Which file contains the smallest byte count in the authored collection list?,,,110,0,,collection,H065,"bro:smb_files:json,XmlWinEventLog",Reconstruct collection from network file reads and native PowerShell staging,"index=<index> ((host=JPTY-ZEEK-01 (sourcetype=bro:conn:json OR sourcetype=bro:smb_files:json)) OR host=JPTY-HIST-MGMT-01 OR host=JPTY-ENG-FS-01)
| search ""10.61.60.31"" OR ""Engineering"" OR ""svc-histmaint""
| sort _time
| table _time host sourcetype source name path action id.orig_h id.resp_h User TargetUserName Image CommandLine"
silk_specter_hard,66,Which host initiates the SMB collection?,,,110,0,,collection,H066,"bro:smb_files:json,XmlWinEventLog",Reconstruct collection from network file reads and native PowerShell staging,"index=<index> ((host=JPTY-ZEEK-01 (sourcetype=bro:conn:json OR sourcetype=bro:smb_files:json)) OR host=JPTY-HIST-MGMT-01 OR host=JPTY-ENG-FS-01)
| search ""10.61.60.31"" OR ""Engineering"" OR ""svc-histmaint""
| sort _time
| table _time host sourcetype source name path action id.orig_h id.resp_h User TargetUserName Image CommandLine"
silk_specter_hard,67,Which destination port carries the SMB collection?,,,110,0,,collection,H067,"bro:smb_files:json,XmlWinEventLog",Reconstruct collection from network file reads and native PowerShell staging,"index=<index> ((host=JPTY-ZEEK-01 (sourcetype=bro:conn:json OR sourcetype=bro:smb_files:json)) OR host=JPTY-HIST-MGMT-01 OR host=JPTY-ENG-FS-01)
| search ""10.61.60.31"" OR ""Engineering"" OR ""svc-histmaint""
| sort _time
| table _time host sourcetype source name path action id.orig_h id.resp_h User TargetUserName Image CommandLine"
silk_specter_hard,68,Which local directory receives the copied support files?,,,110,0,,collection,H068,"bro:smb_files:json,XmlWinEventLog",Reconstruct collection from network file reads and native PowerShell staging,"index=<index> ((host=JPTY-ZEEK-01 (sourcetype=bro:conn:json OR sourcetype=bro:smb_files:json)) OR host=JPTY-HIST-MGMT-01 OR host=JPTY-ENG-FS-01)
| search ""10.61.60.31"" OR ""Engineering"" OR ""svc-histmaint""
| sort _time
| table _time host sourcetype source name path action id.orig_h id.resp_h User TargetUserName Image CommandLine"
silk_specter_hard,69,Which native PowerShell cmdlet performs the local copy?,,,110,0,,collection,H069,"bro:smb_files:json,XmlWinEventLog",Reconstruct collection from network file reads and native PowerShell staging,"index=<index> ((host=JPTY-ZEEK-01 (sourcetype=bro:conn:json OR sourcetype=bro:smb_files:json)) OR host=JPTY-HIST-MGMT-01 OR host=JPTY-ENG-FS-01)
| search ""10.61.60.31"" OR ""Engineering"" OR ""svc-histmaint""
| sort _time
| table _time host sourcetype source name path action id.orig_h id.resp_h User TargetUserName Image CommandLine"
silk_specter_hard,70,Which file extensions are included by the collection command? Answer format example: value1;value2 (use semicolons; spaces are optional; order does not matter).,,,110,0,,collection,H070,"bro:smb_files:json,XmlWinEventLog",Reconstruct collection from network file reads and native PowerShell staging,"index=<index> ((host=JPTY-ZEEK-01 (sourcetype=bro:conn:json OR sourcetype=bro:smb_files:json)) OR host=JPTY-HIST-MGMT-01 OR host=JPTY-ENG-FS-01)
| search ""10.61.60.31"" OR ""Engineering"" OR ""svc-histmaint""
| sort _time
| table _time host sourcetype source name path action id.orig_h id.resp_h User TargetUserName Image CommandLine"
silk_specter_hard,71,Which native PowerShell cmdlet creates the Windows staging archive?,,,110,0,,windows_staging,H071,XmlWinEventLog,Correlate native compression and file creation without relying on third-party tools,"index=<index> host=JPTY-HIST-MGMT-01
| search ""Compress-Archive"" OR ""diag_cache_20260407.zip""
| sort _time
| table _time sourcetype source EventCode User Image CommandLine TargetFilename ParentImage"
silk_specter_hard,72,What full path is used for the Windows staging archive?,,,110,0,,windows_staging,H072,XmlWinEventLog,Correlate native compression and file creation without relying on third-party tools,"index=<index> host=JPTY-HIST-MGMT-01
| search ""Compress-Archive"" OR ""diag_cache_20260407.zip""
| sort _time
| table _time sourcetype source EventCode User Image CommandLine TargetFilename ParentImage"
silk_specter_hard,73,What compression level is requested by the PowerShell command?,,,110,0,,windows_staging,H073,XmlWinEventLog,Correlate native compression and file creation without relying on third-party tools,"index=<index> host=JPTY-HIST-MGMT-01
| search ""Compress-Archive"" OR ""diag_cache_20260407.zip""
| sort _time
| table _time sourcetype source EventCode User Image CommandLine TargetFilename ParentImage"
silk_specter_hard,74,Which account creates the Windows staging archive?,,,110,0,,windows_staging,H074,XmlWinEventLog,Correlate native compression and file creation without relying on third-party tools,"index=<index> host=JPTY-HIST-MGMT-01
| search ""Compress-Archive"" OR ""diag_cache_20260407.zip""
| sort _time
| table _time sourcetype source EventCode User Image CommandLine TargetFilename ParentImage"
silk_specter_hard,75,Which parent process launches the archive-creation PowerShell?,,,110,0,,windows_staging,H075,XmlWinEventLog,Correlate native compression and file creation without relying on third-party tools,"index=<index> host=JPTY-HIST-MGMT-01
| search ""Compress-Archive"" OR ""diag_cache_20260407.zip""
| sort _time
| table _time sourcetype source EventCode User Image CommandLine TargetFilename ParentImage"
silk_specter_hard,76,Which host creates the Windows staging archive?,,,110,0,,windows_staging,H076,XmlWinEventLog,Correlate native compression and file creation without relying on third-party tools,"index=<index> host=JPTY-HIST-MGMT-01
| search ""Compress-Archive"" OR ""diag_cache_20260407.zip""
| sort _time
| table _time sourcetype source EventCode User Image CommandLine TargetFilename ParentImage"
silk_specter_hard,77,How many seconds after the archive process event is the Sysmon file-create event recorded?,,,110,0,,windows_staging,H077,XmlWinEventLog,Correlate native compression and file creation without relying on third-party tools,"index=<index> host=JPTY-HIST-MGMT-01
| search ""Compress-Archive"" OR ""diag_cache_20260407.zip""
| sort _time
| table _time sourcetype source EventCode User Image CommandLine TargetFilename ParentImage"
silk_specter_hard,78,Which ATT&CK technique ID describes the compression step?,,,110,0,,windows_staging,H078,XmlWinEventLog,Correlate native compression and file creation without relying on third-party tools,"index=<index> host=JPTY-HIST-MGMT-01
| search ""Compress-Archive"" OR ""diag_cache_20260407.zip""
| sort _time
| table _time sourcetype source EventCode User Image CommandLine TargetFilename ParentImage"
silk_specter_hard,79,Which ATT&CK technique ID describes the local staged file?,,,110,0,,windows_staging,H079,XmlWinEventLog,Correlate native compression and file creation without relying on third-party tools,"index=<index> host=JPTY-HIST-MGMT-01
| search ""Compress-Archive"" OR ""diag_cache_20260407.zip""
| sort _time
| table _time sourcetype source EventCode User Image CommandLine TargetFilename ParentImage"
silk_specter_hard,80,Which filename later appears on the NZ transfer gateway?,,,110,0,,windows_staging,H080,XmlWinEventLog,Correlate native compression and file creation without relying on third-party tools,"index=<index> host=JPTY-HIST-MGMT-01
| search ""Compress-Archive"" OR ""diag_cache_20260407.zip""
| sort _time
| table _time sourcetype source EventCode User Image CommandLine TargetFilename ParentImage"
silk_specter_hard,81,Which Linux host receives the later SSH access?,,,110,0,,linux_pivot,H081,"linux_secure,linux_audit,syslog",Correlate SSH identity and Linux execution evidence on a legitimate transfer gateway,"index=<index> host=NZAK-MFT-GW-02 (sourcetype=linux_secure OR sourcetype=linux_audit OR sourcetype=syslog)
| search ""svc-transferops"" OR ""rsync"" OR ""diag_cache_20260407.zip""
| sort _time
| table _time sourcetype user acct addr exe comm proctitle _raw"
silk_specter_hard,82,Which source IP connects to the NZ transfer gateway?,,,110,0,,linux_pivot,H082,"linux_secure,linux_audit,syslog",Correlate SSH identity and Linux execution evidence on a legitimate transfer gateway,"index=<index> host=NZAK-MFT-GW-02 (sourcetype=linux_secure OR sourcetype=linux_audit OR sourcetype=syslog)
| search ""svc-transferops"" OR ""rsync"" OR ""diag_cache_20260407.zip""
| sort _time
| table _time sourcetype user acct addr exe comm proctitle _raw"
silk_specter_hard,83,Which account authenticates to the NZ transfer gateway?,,,110,0,,linux_pivot,H083,"linux_secure,linux_audit,syslog",Correlate SSH identity and Linux execution evidence on a legitimate transfer gateway,"index=<index> host=NZAK-MFT-GW-02 (sourcetype=linux_secure OR sourcetype=linux_audit OR sourcetype=syslog)
| search ""svc-transferops"" OR ""rsync"" OR ""diag_cache_20260407.zip""
| sort _time
| table _time sourcetype user acct addr exe comm proctitle _raw"
silk_specter_hard,84,Which SSH authentication method is accepted?,,,110,0,,linux_pivot,H084,"linux_secure,linux_audit,syslog",Correlate SSH identity and Linux execution evidence on a legitimate transfer gateway,"index=<index> host=NZAK-MFT-GW-02 (sourcetype=linux_secure OR sourcetype=linux_audit OR sourcetype=syslog)
| search ""svc-transferops"" OR ""rsync"" OR ""diag_cache_20260407.zip""
| sort _time
| table _time sourcetype user acct addr exe comm proctitle _raw"
silk_specter_hard,85,What source port is recorded for the accepted SSH session?,,,110,0,,linux_pivot,H085,"linux_secure,linux_audit,syslog",Correlate SSH identity and Linux execution evidence on a legitimate transfer gateway,"index=<index> host=NZAK-MFT-GW-02 (sourcetype=linux_secure OR sourcetype=linux_audit OR sourcetype=syslog)
| search ""svc-transferops"" OR ""rsync"" OR ""diag_cache_20260407.zip""
| sort _time
| table _time sourcetype user acct addr exe comm proctitle _raw"
silk_specter_hard,86,Which numeric UID is associated with svc-transferops in auditd?,,,110,0,,linux_pivot,H086,"linux_secure,linux_audit,syslog",Correlate SSH identity and Linux execution evidence on a legitimate transfer gateway,"index=<index> host=NZAK-MFT-GW-02 (sourcetype=linux_secure OR sourcetype=linux_audit OR sourcetype=syslog)
| search ""svc-transferops"" OR ""rsync"" OR ""diag_cache_20260407.zip""
| sort _time
| table _time sourcetype user acct addr exe comm proctitle _raw"
silk_specter_hard,87,Which utility moves the JPTY archive into the outbound MFT path?,,,110,0,,linux_pivot,H087,"linux_secure,linux_audit,syslog",Correlate SSH identity and Linux execution evidence on a legitimate transfer gateway,"index=<index> host=NZAK-MFT-GW-02 (sourcetype=linux_secure OR sourcetype=linux_audit OR sourcetype=syslog)
| search ""svc-transferops"" OR ""rsync"" OR ""diag_cache_20260407.zip""
| sort _time
| table _time sourcetype user acct addr exe comm proctitle _raw"
silk_specter_hard,88,What rsync option removes source files after transfer?,,,110,0,,linux_pivot,H088,"linux_secure,linux_audit,syslog",Correlate SSH identity and Linux execution evidence on a legitimate transfer gateway,"index=<index> host=NZAK-MFT-GW-02 (sourcetype=linux_secure OR sourcetype=linux_audit OR sourcetype=syslog)
| search ""svc-transferops"" OR ""rsync"" OR ""diag_cache_20260407.zip""
| sort _time
| table _time sourcetype user acct addr exe comm proctitle _raw"
silk_specter_hard,89,Which two Linux sourcetypes corroborate the rsync execution? Answer format example: value1;value2 (use semicolons; spaces are optional; order does not matter).,,,110,0,,linux_pivot,H089,"linux_secure,linux_audit,syslog",Correlate SSH identity and Linux execution evidence on a legitimate transfer gateway,"index=<index> host=NZAK-MFT-GW-02 (sourcetype=linux_secure OR sourcetype=linux_audit OR sourcetype=syslog)
| search ""svc-transferops"" OR ""rsync"" OR ""diag_cache_20260407.zip""
| sort _time
| table _time sourcetype user acct addr exe comm proctitle _raw"
silk_specter_hard,90,What rsync destination directory is used?,,,110,0,,linux_pivot,H090,"linux_secure,linux_audit,syslog",Correlate SSH identity and Linux execution evidence on a legitimate transfer gateway,"index=<index> host=NZAK-MFT-GW-02 (sourcetype=linux_secure OR sourcetype=linux_audit OR sourcetype=syslog)
| search ""svc-transferops"" OR ""rsync"" OR ""diag_cache_20260407.zip""
| sort _time
| table _time sourcetype user acct addr exe comm proctitle _raw"
silk_specter_hard,91,Which utility creates the final Linux diagnostic archive?,,,115,0,,linux_staging,H091,"syslog,linux_audit",Prove final staging using multiple Linux telemetry sources,"index=<index> host=NZAK-MFT-GW-02 (sourcetype=linux_audit OR sourcetype=syslog)
| search ""tar"" OR ""APAC_Historian_Diagnostics_20260408.tgz""
| sort _time
| table _time sourcetype user acct exe comm proctitle _raw"
silk_specter_hard,92,What is the full final archive path?,,,115,0,,linux_staging,H092,"syslog,linux_audit",Prove final staging using multiple Linux telemetry sources,"index=<index> host=NZAK-MFT-GW-02 (sourcetype=linux_audit OR sourcetype=syslog)
| search ""tar"" OR ""APAC_Historian_Diagnostics_20260408.tgz""
| sort _time
| table _time sourcetype user acct exe comm proctitle _raw"
silk_specter_hard,93,Which source archive is included inside the final tarball?,,,115,0,,linux_staging,H093,"syslog,linux_audit",Prove final staging using multiple Linux telemetry sources,"index=<index> host=NZAK-MFT-GW-02 (sourcetype=linux_audit OR sourcetype=syslog)
| search ""tar"" OR ""APAC_Historian_Diagnostics_20260408.tgz""
| sort _time
| table _time sourcetype user acct exe comm proctitle _raw"
silk_specter_hard,94,Which directory is used as tar working context?,,,115,0,,linux_staging,H094,"syslog,linux_audit",Prove final staging using multiple Linux telemetry sources,"index=<index> host=NZAK-MFT-GW-02 (sourcetype=linux_audit OR sourcetype=syslog)
| search ""tar"" OR ""APAC_Historian_Diagnostics_20260408.tgz""
| sort _time
| table _time sourcetype user acct exe comm proctitle _raw"
silk_specter_hard,95,Which account executes the tar command?,,,115,0,,linux_staging,H095,"syslog,linux_audit",Prove final staging using multiple Linux telemetry sources,"index=<index> host=NZAK-MFT-GW-02 (sourcetype=linux_audit OR sourcetype=syslog)
| search ""tar"" OR ""APAC_Historian_Diagnostics_20260408.tgz""
| sort _time
| table _time sourcetype user acct exe comm proctitle _raw"
silk_specter_hard,96,What parent process launches tar?,,,115,0,,linux_staging,H096,"syslog,linux_audit",Prove final staging using multiple Linux telemetry sources,"index=<index> host=NZAK-MFT-GW-02 (sourcetype=linux_audit OR sourcetype=syslog)
| search ""tar"" OR ""APAC_Historian_Diagnostics_20260408.tgz""
| sort _time
| table _time sourcetype user acct exe comm proctitle _raw"
silk_specter_hard,97,What PID is recorded for the tar process?,,,115,0,,linux_staging,H097,"syslog,linux_audit",Prove final staging using multiple Linux telemetry sources,"index=<index> host=NZAK-MFT-GW-02 (sourcetype=linux_audit OR sourcetype=syslog)
| search ""tar"" OR ""APAC_Historian_Diagnostics_20260408.tgz""
| sort _time
| table _time sourcetype user acct exe comm proctitle _raw"
silk_specter_hard,98,What PPID is recorded for the tar process?,,,115,0,,linux_staging,H098,"syslog,linux_audit",Prove final staging using multiple Linux telemetry sources,"index=<index> host=NZAK-MFT-GW-02 (sourcetype=linux_audit OR sourcetype=syslog)
| search ""tar"" OR ""APAC_Historian_Diagnostics_20260408.tgz""
| sort _time
| table _time sourcetype user acct exe comm proctitle _raw"
silk_specter_hard,99,Which two Linux sourcetypes corroborate tar execution? Answer format example: value1;value2 (use semicolons; spaces are optional; order does not matter).,,,115,0,,linux_staging,H099,"syslog,linux_audit",Prove final staging using multiple Linux telemetry sources,"index=<index> host=NZAK-MFT-GW-02 (sourcetype=linux_audit OR sourcetype=syslog)
| search ""tar"" OR ""APAC_Historian_Diagnostics_20260408.tgz""
| sort _time
| table _time sourcetype user acct exe comm proctitle _raw"
silk_specter_hard,100,Which ATT&CK technique ID is assigned to the Linux archive staging?,,,115,0,,linux_staging,H100,"syslog,linux_audit",Prove final staging using multiple Linux telemetry sources,"index=<index> host=NZAK-MFT-GW-02 (sourcetype=linux_audit OR sourcetype=syslog)
| search ""tar"" OR ""APAC_Historian_Diagnostics_20260408.tgz""
| sort _time
| table _time sourcetype user acct exe comm proctitle _raw"
silk_specter_hard,101,Which MFT account uploads the suspicious diagnostic bundle?,,,120,0,,mft_abuse,H101,"mft:transfer,servicenow:audit",Identify abuse of an approved transfer mechanism by proving missing authorization context,"index=<index> (sourcetype=mft:transfer OR sourcetype=servicenow:audit)
| search ""mft.apac-grid-services.example"" OR ""APAC_Historian_Diagnostics_20260408.tgz"" OR ""CHG0065127""
| sort _time
| table _time sourcetype user user_name source_host file_name bytes destination status transfer_id documentkey details"
silk_specter_hard,102,What filename is uploaded through the legitimate MFT service?,,,120,0,,mft_abuse,H102,"mft:transfer,servicenow:audit",Identify abuse of an approved transfer mechanism by proving missing authorization context,"index=<index> (sourcetype=mft:transfer OR sourcetype=servicenow:audit)
| search ""mft.apac-grid-services.example"" OR ""APAC_Historian_Diagnostics_20260408.tgz"" OR ""CHG0065127""
| sort _time
| table _time sourcetype user user_name source_host file_name bytes destination status transfer_id documentkey details"
silk_specter_hard,103,What destination hostname receives the upload?,,,120,0,,mft_abuse,H103,"mft:transfer,servicenow:audit",Identify abuse of an approved transfer mechanism by proving missing authorization context,"index=<index> (sourcetype=mft:transfer OR sourcetype=servicenow:audit)
| search ""mft.apac-grid-services.example"" OR ""APAC_Historian_Diagnostics_20260408.tgz"" OR ""CHG0065127""
| sort _time
| table _time sourcetype user user_name source_host file_name bytes destination status transfer_id documentkey details"
silk_specter_hard,104,What transfer ID is assigned to the suspicious upload?,,,120,0,,mft_abuse,H104,"mft:transfer,servicenow:audit",Identify abuse of an approved transfer mechanism by proving missing authorization context,"index=<index> (sourcetype=mft:transfer OR sourcetype=servicenow:audit)
| search ""mft.apac-grid-services.example"" OR ""APAC_Historian_Diagnostics_20260408.tgz"" OR ""CHG0065127""
| sort _time
| table _time sourcetype user user_name source_host file_name bytes destination status transfer_id documentkey details"
silk_specter_hard,105,How many bytes are recorded for the suspicious MFT transfer?,,,120,0,,mft_abuse,H105,"mft:transfer,servicenow:audit",Identify abuse of an approved transfer mechanism by proving missing authorization context,"index=<index> (sourcetype=mft:transfer OR sourcetype=servicenow:audit)
| search ""mft.apac-grid-services.example"" OR ""APAC_Historian_Diagnostics_20260408.tgz"" OR ""CHG0065127""
| sort _time
| table _time sourcetype user user_name source_host file_name bytes destination status transfer_id documentkey details"
silk_specter_hard,106,What transfer status is recorded?,,,120,0,,mft_abuse,H106,"mft:transfer,servicenow:audit",Identify abuse of an approved transfer mechanism by proving missing authorization context,"index=<index> (sourcetype=mft:transfer OR sourcetype=servicenow:audit)
| search ""mft.apac-grid-services.example"" OR ""APAC_Historian_Diagnostics_20260408.tgz"" OR ""CHG0065127""
| sort _time
| table _time sourcetype user user_name source_host file_name bytes destination status transfer_id documentkey details"
silk_specter_hard,107,Which benign user performs the nearby approved lookalike transfer?,,,120,0,,mft_abuse,H107,"mft:transfer,servicenow:audit",Identify abuse of an approved transfer mechanism by proving missing authorization context,"index=<index> (sourcetype=mft:transfer OR sourcetype=servicenow:audit)
| search ""mft.apac-grid-services.example"" OR ""APAC_Historian_Diagnostics_20260408.tgz"" OR ""CHG0065127""
| sort _time
| table _time sourcetype user user_name source_host file_name bytes destination status transfer_id documentkey details"
silk_specter_hard,108,Which change request explicitly authorizes the benign MFT transfer?,,,120,0,,mft_abuse,H108,"mft:transfer,servicenow:audit",Identify abuse of an approved transfer mechanism by proving missing authorization context,"index=<index> (sourcetype=mft:transfer OR sourcetype=servicenow:audit)
| search ""mft.apac-grid-services.example"" OR ""APAC_Historian_Diagnostics_20260408.tgz"" OR ""CHG0065127""
| sort _time
| table _time sourcetype user user_name source_host file_name bytes destination status transfer_id documentkey details"
silk_specter_hard,109,What benign filename is uploaded in the approved lookalike?,,,120,0,,mft_abuse,H109,"mft:transfer,servicenow:audit",Identify abuse of an approved transfer mechanism by proving missing authorization context,"index=<index> (sourcetype=mft:transfer OR sourcetype=servicenow:audit)
| search ""mft.apac-grid-services.example"" OR ""APAC_Historian_Diagnostics_20260408.tgz"" OR ""CHG0065127""
| sort _time
| table _time sourcetype user user_name source_host file_name bytes destination status transfer_id documentkey details"
silk_specter_hard,110,What key contextual difference makes the suspicious transfer unauthorized despite using the approved destination?,,,120,0,,mft_abuse,H110,"mft:transfer,servicenow:audit",Identify abuse of an approved transfer mechanism by proving missing authorization context,"index=<index> (sourcetype=mft:transfer OR sourcetype=servicenow:audit)
| search ""mft.apac-grid-services.example"" OR ""APAC_Historian_Diagnostics_20260408.tgz"" OR ""CHG0065127""
| sort _time
| table _time sourcetype user user_name source_host file_name bytes destination status transfer_id documentkey details"
silk_specter_hard,111,What source IP sends the large TLS transfer to the approved MFT destination?,,,120,0,,network_exfiltration,H111,"bro:conn:json,bro:ssl:json,cisco:asa,dlp:events",Correlate an allowed MFT transfer across network and DLP sources,"index=<index> (host=NZAK-MFT-01 OR host=NZAK-MFT-GW-02 OR host=NZAK-ZEEK-01 OR host=NZAK-FW-01 OR host=NZAK-DLP-01)
| search ""54.66.211.17"" OR ""mft.apac-grid-services.example"" OR ""APAC_Historian_Diagnostics_20260408.tgz""
| sort _time
| table _time host sourcetype src dest src_port dest_port id.orig_h id.resp_h id.orig_p id.resp_p server_name bytes action policy file_name destination"
silk_specter_hard,112,What destination IP receives the large TLS transfer?,,,120,0,,network_exfiltration,H112,"bro:conn:json,bro:ssl:json,cisco:asa,dlp:events",Correlate an allowed MFT transfer across network and DLP sources,"index=<index> (host=NZAK-MFT-01 OR host=NZAK-MFT-GW-02 OR host=NZAK-ZEEK-01 OR host=NZAK-FW-01 OR host=NZAK-DLP-01)
| search ""54.66.211.17"" OR ""mft.apac-grid-services.example"" OR ""APAC_Historian_Diagnostics_20260408.tgz""
| sort _time
| table _time host sourcetype src dest src_port dest_port id.orig_h id.resp_h id.orig_p id.resp_p server_name bytes action policy file_name destination"
silk_specter_hard,113,What destination port is used?,,,120,0,,network_exfiltration,H113,"bro:conn:json,bro:ssl:json,cisco:asa,dlp:events",Correlate an allowed MFT transfer across network and DLP sources,"index=<index> (host=NZAK-MFT-01 OR host=NZAK-MFT-GW-02 OR host=NZAK-ZEEK-01 OR host=NZAK-FW-01 OR host=NZAK-DLP-01)
| search ""54.66.211.17"" OR ""mft.apac-grid-services.example"" OR ""APAC_Historian_Diagnostics_20260408.tgz""
| sort _time
| table _time host sourcetype src dest src_port dest_port id.orig_h id.resp_h id.orig_p id.resp_p server_name bytes action policy file_name destination"
silk_specter_hard,114,What source port is recorded for the transfer?,,,120,0,,network_exfiltration,H114,"bro:conn:json,bro:ssl:json,cisco:asa,dlp:events",Correlate an allowed MFT transfer across network and DLP sources,"index=<index> (host=NZAK-MFT-01 OR host=NZAK-MFT-GW-02 OR host=NZAK-ZEEK-01 OR host=NZAK-FW-01 OR host=NZAK-DLP-01)
| search ""54.66.211.17"" OR ""mft.apac-grid-services.example"" OR ""APAC_Historian_Diagnostics_20260408.tgz""
| sort _time
| table _time host sourcetype src dest src_port dest_port id.orig_h id.resp_h id.orig_p id.resp_p server_name bytes action policy file_name destination"
silk_specter_hard,115,What TLS server name is observed?,,,120,0,,network_exfiltration,H115,"bro:conn:json,bro:ssl:json,cisco:asa,dlp:events",Correlate an allowed MFT transfer across network and DLP sources,"index=<index> (host=NZAK-MFT-01 OR host=NZAK-MFT-GW-02 OR host=NZAK-ZEEK-01 OR host=NZAK-FW-01 OR host=NZAK-DLP-01)
| search ""54.66.211.17"" OR ""mft.apac-grid-services.example"" OR ""APAC_Historian_Diagnostics_20260408.tgz""
| sort _time
| table _time host sourcetype src dest src_port dest_port id.orig_h id.resp_h id.orig_p id.resp_p server_name bytes action policy file_name destination"
silk_specter_hard,116,How many bytes are sent outbound in the authored Zeek connection?,,,120,0,,network_exfiltration,H116,"bro:conn:json,bro:ssl:json,cisco:asa,dlp:events",Correlate an allowed MFT transfer across network and DLP sources,"index=<index> (host=NZAK-MFT-01 OR host=NZAK-MFT-GW-02 OR host=NZAK-ZEEK-01 OR host=NZAK-FW-01 OR host=NZAK-DLP-01)
| search ""54.66.211.17"" OR ""mft.apac-grid-services.example"" OR ""APAC_Historian_Diagnostics_20260408.tgz""
| sort _time
| table _time host sourcetype src dest src_port dest_port id.orig_h id.resp_h id.orig_p id.resp_p server_name bytes action policy file_name destination"
silk_specter_hard,117,Which firewall records the outbound transfer?,,,120,0,,network_exfiltration,H117,"bro:conn:json,bro:ssl:json,cisco:asa,dlp:events",Correlate an allowed MFT transfer across network and DLP sources,"index=<index> (host=NZAK-MFT-01 OR host=NZAK-MFT-GW-02 OR host=NZAK-ZEEK-01 OR host=NZAK-FW-01 OR host=NZAK-DLP-01)
| search ""54.66.211.17"" OR ""mft.apac-grid-services.example"" OR ""APAC_Historian_Diagnostics_20260408.tgz""
| sort _time
| table _time host sourcetype src dest src_port dest_port id.orig_h id.resp_h id.orig_p id.resp_p server_name bytes action policy file_name destination"
silk_specter_hard,118,Which firewall sourcetype records the outbound transfer?,,,120,0,,network_exfiltration,H118,"bro:conn:json,bro:ssl:json,cisco:asa,dlp:events",Correlate an allowed MFT transfer across network and DLP sources,"index=<index> (host=NZAK-MFT-01 OR host=NZAK-MFT-GW-02 OR host=NZAK-ZEEK-01 OR host=NZAK-FW-01 OR host=NZAK-DLP-01)
| search ""54.66.211.17"" OR ""mft.apac-grid-services.example"" OR ""APAC_Historian_Diagnostics_20260408.tgz""
| sort _time
| table _time host sourcetype src dest src_port dest_port id.orig_h id.resp_h id.orig_p id.resp_p server_name bytes action policy file_name destination"
silk_specter_hard,119,What action does DLP record for the suspicious transfer?,,,120,0,,network_exfiltration,H119,"bro:conn:json,bro:ssl:json,cisco:asa,dlp:events",Correlate an allowed MFT transfer across network and DLP sources,"index=<index> (host=NZAK-MFT-01 OR host=NZAK-MFT-GW-02 OR host=NZAK-ZEEK-01 OR host=NZAK-FW-01 OR host=NZAK-DLP-01)
| search ""54.66.211.17"" OR ""mft.apac-grid-services.example"" OR ""APAC_Historian_Diagnostics_20260408.tgz""
| sort _time
| table _time host sourcetype src dest src_port dest_port id.orig_h id.resp_h id.orig_p id.resp_p server_name bytes action policy file_name destination"
silk_specter_hard,120,Which DLP policy name is associated with the allowed transfer?,,,120,0,,network_exfiltration,H120,"bro:conn:json,bro:ssl:json,cisco:asa,dlp:events",Correlate an allowed MFT transfer across network and DLP sources,"index=<index> (host=NZAK-MFT-01 OR host=NZAK-MFT-GW-02 OR host=NZAK-ZEEK-01 OR host=NZAK-FW-01 OR host=NZAK-DLP-01)
| search ""54.66.211.17"" OR ""mft.apac-grid-services.example"" OR ""APAC_Historian_Diagnostics_20260408.tgz""
| sort _time
| table _time host sourcetype src dest src_port dest_port id.orig_h id.resp_h id.orig_p id.resp_p server_name bytes action policy file_name destination"
silk_specter_hard,121,Which utility removes the SGSI covert forwarding rule?,,,110,0,,cleanup,H121,"XmlWinEventLog,syslog","Track cleanup across the initial jump host, OT-adjacent Windows host, and MFT gateway","index=<index> (host=SGSI-NET-JMP-02 OR host=JPTY-HIST-MGMT-01 OR host=NZAK-MFT-GW-02)
| search ""delete"" OR ""del "" OR ""rm "" OR ""portproxy""
| sort _time
| table _time host sourcetype source User Image CommandLine TargetFilename _raw"
silk_specter_hard,122,Which listen port is deleted from the portproxy configuration?,,,110,0,,cleanup,H122,"XmlWinEventLog,syslog","Track cleanup across the initial jump host, OT-adjacent Windows host, and MFT gateway","index=<index> (host=SGSI-NET-JMP-02 OR host=JPTY-HIST-MGMT-01 OR host=NZAK-MFT-GW-02)
| search ""delete"" OR ""del "" OR ""rm "" OR ""portproxy""
| sort _time
| table _time host sourcetype source User Image CommandLine TargetFilename _raw"
silk_specter_hard,123,Which host removes the covert forwarding rule?,,,110,0,,cleanup,H123,"XmlWinEventLog,syslog","Track cleanup across the initial jump host, OT-adjacent Windows host, and MFT gateway","index=<index> (host=SGSI-NET-JMP-02 OR host=JPTY-HIST-MGMT-01 OR host=NZAK-MFT-GW-02)
| search ""delete"" OR ""del "" OR ""rm "" OR ""portproxy""
| sort _time
| table _time host sourcetype source User Image CommandLine TargetFilename _raw"
silk_specter_hard,124,Which Tokyo archive file is deleted during cleanup?,,,110,0,,cleanup,H124,"XmlWinEventLog,syslog","Track cleanup across the initial jump host, OT-adjacent Windows host, and MFT gateway","index=<index> (host=SGSI-NET-JMP-02 OR host=JPTY-HIST-MGMT-01 OR host=NZAK-MFT-GW-02)
| search ""delete"" OR ""del "" OR ""rm "" OR ""portproxy""
| sort _time
| table _time host sourcetype source User Image CommandLine TargetFilename _raw"
silk_specter_hard,125,Which Tokyo host deletes the Windows archive?,,,110,0,,cleanup,H125,"XmlWinEventLog,syslog","Track cleanup across the initial jump host, OT-adjacent Windows host, and MFT gateway","index=<index> (host=SGSI-NET-JMP-02 OR host=JPTY-HIST-MGMT-01 OR host=NZAK-MFT-GW-02)
| search ""delete"" OR ""del "" OR ""rm "" OR ""portproxy""
| sort _time
| table _time host sourcetype source User Image CommandLine TargetFilename _raw"
silk_specter_hard,126,Which Linux executable removes the final MFT staging archive?,,,110,0,,cleanup,H126,"XmlWinEventLog,syslog","Track cleanup across the initial jump host, OT-adjacent Windows host, and MFT gateway","index=<index> (host=SGSI-NET-JMP-02 OR host=JPTY-HIST-MGMT-01 OR host=NZAK-MFT-GW-02)
| search ""delete"" OR ""del "" OR ""rm "" OR ""portproxy""
| sort _time
| table _time host sourcetype source User Image CommandLine TargetFilename _raw"
silk_specter_hard,127,Which Linux host removes the final staging archive?,,,110,0,,cleanup,H127,"XmlWinEventLog,syslog","Track cleanup across the initial jump host, OT-adjacent Windows host, and MFT gateway","index=<index> (host=SGSI-NET-JMP-02 OR host=JPTY-HIST-MGMT-01 OR host=NZAK-MFT-GW-02)
| search ""delete"" OR ""del "" OR ""rm "" OR ""portproxy""
| sort _time
| table _time host sourcetype source User Image CommandLine TargetFilename _raw"
silk_specter_hard,128,Which account removes the Linux staging archive?,,,110,0,,cleanup,H128,"XmlWinEventLog,syslog","Track cleanup across the initial jump host, OT-adjacent Windows host, and MFT gateway","index=<index> (host=SGSI-NET-JMP-02 OR host=JPTY-HIST-MGMT-01 OR host=NZAK-MFT-GW-02)
| search ""delete"" OR ""del "" OR ""rm "" OR ""portproxy""
| sort _time
| table _time host sourcetype source User Image CommandLine TargetFilename _raw"
silk_specter_hard,129,What full Linux archive path is removed?,,,110,0,,cleanup,H129,"XmlWinEventLog,syslog","Track cleanup across the initial jump host, OT-adjacent Windows host, and MFT gateway","index=<index> (host=SGSI-NET-JMP-02 OR host=JPTY-HIST-MGMT-01 OR host=NZAK-MFT-GW-02)
| search ""delete"" OR ""del "" OR ""rm "" OR ""portproxy""
| sort _time
| table _time host sourcetype source User Image CommandLine TargetFilename _raw"
silk_specter_hard,130,Which ATT&CK technique ID is associated with the file-deletion cleanup events?,,,110,0,,cleanup,H130,"XmlWinEventLog,syslog","Track cleanup across the initial jump host, OT-adjacent Windows host, and MFT gateway","index=<index> (host=SGSI-NET-JMP-02 OR host=JPTY-HIST-MGMT-01 OR host=NZAK-MFT-GW-02)
| search ""delete"" OR ""del "" OR ""rm "" OR ""portproxy""
| sort _time
| table _time host sourcetype source User Image CommandLine TargetFilename _raw"
silk_specter_hard,131,Which Hard detection identifies a new vendor VPN source without requiring failed logons?,,,125,0,,notable_triage,H131,stash,Triage sparse campaign findings among heavy alert noise and authorization lookalikes,"index=notable host=SILK-SPECTER-ES sourcetype=stash scenario=hard
| stats count earliest(_time) as first_seen latest(_time) as last_seen values(severity) as severity values(src) as src values(dest) as dest by search_name
| sort first_seen"
silk_specter_hard,132,Which Hard detection identifies the unauthorized 8443 forwarding rule?,,,125,0,,notable_triage,H132,stash,Triage sparse campaign findings among heavy alert noise and authorization lookalikes,"index=notable host=SILK-SPECTER-ES sourcetype=stash scenario=hard
| stats count earliest(_time) as first_seen latest(_time) as last_seen values(severity) as severity values(src) as src values(dest) as dest by search_name
| sort first_seen"
silk_specter_hard,133,Which Hard detection identifies remote WinRM into the Tokyo OT-adjacent host?,,,125,0,,notable_triage,H133,stash,Triage sparse campaign findings among heavy alert noise and authorization lookalikes,"index=notable host=SILK-SPECTER-ES sourcetype=stash scenario=hard
| stats count earliest(_time) as first_seen latest(_time) as last_seen values(severity) as severity values(src) as src values(dest) as dest by search_name
| sort first_seen"
silk_specter_hard,134,Which Hard detection identifies native PowerShell archive staging on the historian host?,,,125,0,,notable_triage,H134,stash,Triage sparse campaign findings among heavy alert noise and authorization lookalikes,"index=notable host=SILK-SPECTER-ES sourcetype=stash scenario=hard
| stats count earliest(_time) as first_seen latest(_time) as last_seen values(severity) as severity values(src) as src values(dest) as dest by search_name
| sort first_seen"
silk_specter_hard,135,Which Hard detection identifies MFT use without matching approved change context?,,,125,0,,notable_triage,H135,stash,Triage sparse campaign findings among heavy alert noise and authorization lookalikes,"index=notable host=SILK-SPECTER-ES sourcetype=stash scenario=hard
| stats count earliest(_time) as first_seen latest(_time) as last_seen values(severity) as severity values(src) as src values(dest) as dest by search_name
| sort first_seen"
silk_specter_hard,136,How many Hard detection searches are intentionally provided?,,,125,0,,notable_triage,H136,stash,Triage sparse campaign findings among heavy alert noise and authorization lookalikes,"index=notable host=SILK-SPECTER-ES sourcetype=stash scenario=hard
| stats count earliest(_time) as first_seen latest(_time) as last_seen values(severity) as severity values(src) as src values(dest) as dest by search_name
| sort first_seen"
silk_specter_hard,137,Which detection is expected to produce both benign and malicious context requiring change-control review?,,,125,0,,notable_triage,H137,stash,Triage sparse campaign findings among heavy alert noise and authorization lookalikes,"index=notable host=SILK-SPECTER-ES sourcetype=stash scenario=hard
| stats count earliest(_time) as first_seen latest(_time) as last_seen values(severity) as severity values(src) as src values(dest) as dest by search_name
| sort first_seen"
silk_specter_hard,138,Which detection occurs latest in the attack chain?,,,125,0,,notable_triage,H138,stash,Triage sparse campaign findings among heavy alert noise and authorization lookalikes,"index=notable host=SILK-SPECTER-ES sourcetype=stash scenario=hard
| stats count earliest(_time) as first_seen latest(_time) as last_seen values(severity) as severity values(src) as src values(dest) as dest by search_name
| sort first_seen"
silk_specter_hard,139,Which activity has no dedicated Hard detection and must be found by hunting: credential discovery or portproxy creation?,,,125,0,,notable_triage,H139,stash,Triage sparse campaign findings among heavy alert noise and authorization lookalikes,"index=notable host=SILK-SPECTER-ES sourcetype=stash scenario=hard
| stats count earliest(_time) as first_seen latest(_time) as last_seen values(severity) as severity values(src) as src values(dest) as dest by search_name
| sort first_seen"
silk_specter_hard,140,Which evidence source is central to separating approved from unapproved MFT use?,,,125,0,,notable_triage,H140,stash,Triage sparse campaign findings among heavy alert noise and authorization lookalikes,"index=notable host=SILK-SPECTER-ES sourcetype=stash scenario=hard
| stats count earliest(_time) as first_seen latest(_time) as last_seen values(severity) as severity values(src) as src values(dest) as dest by search_name
| sort first_seen"
silk_specter_hard,141,What is the ordered sequence of primary campaign regions from initial access through exfil staging? Answer format example: value1>value2>value3 (use > between values; spaces are optional; order matters).,,,130,0,,campaign_reconstruction,H141,multi-source,Reconstruct the full hard campaign from sparse cross-domain evidence,"index=<index> earliest=1775433600 latest=1775865600
| search (""103.27.186.44"" OR ""SGSI-NET-JMP-02"" OR ""JPTY-HIST-MGMT-01"" OR ""NZAK-MFT-GW-02"" OR ""APAC_Historian_Diagnostics_20260408.tgz"")
| sort _time
| table _time host sourcetype source user User TargetUserName Image CommandLine file_name destination"
silk_specter_hard,142,What is the ordered sequence of primary campaign hosts from initial access to final staging? Answer format example: value1>value2>value3 (use > between values; spaces are optional; order matters).,,,130,0,,campaign_reconstruction,H142,multi-source,Reconstruct the full hard campaign from sparse cross-domain evidence,"index=<index> earliest=1775433600 latest=1775865600
| search (""103.27.186.44"" OR ""SGSI-NET-JMP-02"" OR ""JPTY-HIST-MGMT-01"" OR ""NZAK-MFT-GW-02"" OR ""APAC_Historian_Diagnostics_20260408.tgz"")
| sort _time
| table _time host sourcetype source user User TargetUserName Image CommandLine file_name destination"
silk_specter_hard,143,Which two service accounts are used after the initial SGSI access? Answer format example: value1;value2 (use semicolons; spaces are optional; order does not matter).,,,130,0,,campaign_reconstruction,H143,multi-source,Reconstruct the full hard campaign from sparse cross-domain evidence,"index=<index> earliest=1775433600 latest=1775865600
| search (""103.27.186.44"" OR ""SGSI-NET-JMP-02"" OR ""JPTY-HIST-MGMT-01"" OR ""NZAK-MFT-GW-02"" OR ""APAC_Historian_Diagnostics_20260408.tgz"")
| sort _time
| table _time host sourcetype source user User TargetUserName Image CommandLine file_name destination"
silk_specter_hard,144,Which initial service account establishes the SGSI foothold?,,,130,0,,campaign_reconstruction,H144,multi-source,Reconstruct the full hard campaign from sparse cross-domain evidence,"index=<index> earliest=1775433600 latest=1775865600
| search (""103.27.186.44"" OR ""SGSI-NET-JMP-02"" OR ""JPTY-HIST-MGMT-01"" OR ""NZAK-MFT-GW-02"" OR ""APAC_Historian_Diagnostics_20260408.tgz"")
| sort _time
| table _time host sourcetype source user User TargetUserName Image CommandLine file_name destination"
silk_specter_hard,145,Which static artifact bridges JPTY Windows staging to NZAK Linux transfer?,,,130,0,,campaign_reconstruction,H145,multi-source,Reconstruct the full hard campaign from sparse cross-domain evidence,"index=<index> earliest=1775433600 latest=1775865600
| search (""103.27.186.44"" OR ""SGSI-NET-JMP-02"" OR ""JPTY-HIST-MGMT-01"" OR ""NZAK-MFT-GW-02"" OR ""APAC_Historian_Diagnostics_20260408.tgz"")
| sort _time
| table _time host sourcetype source user User TargetUserName Image CommandLine file_name destination"
silk_specter_hard,146,Which static artifact represents the final outbound package?,,,130,0,,campaign_reconstruction,H146,multi-source,Reconstruct the full hard campaign from sparse cross-domain evidence,"index=<index> earliest=1775433600 latest=1775865600
| search (""103.27.186.44"" OR ""SGSI-NET-JMP-02"" OR ""JPTY-HIST-MGMT-01"" OR ""NZAK-MFT-GW-02"" OR ""APAC_Historian_Diagnostics_20260408.tgz"")
| sort _time
| table _time host sourcetype source user User TargetUserName Image CommandLine file_name destination"
silk_specter_hard,147,Which destination is legitimate but abused for exfiltration?,,,130,0,,campaign_reconstruction,H147,multi-source,Reconstruct the full hard campaign from sparse cross-domain evidence,"index=<index> earliest=1775433600 latest=1775865600
| search (""103.27.186.44"" OR ""SGSI-NET-JMP-02"" OR ""JPTY-HIST-MGMT-01"" OR ""NZAK-MFT-GW-02"" OR ""APAC_Historian_Diagnostics_20260408.tgz"")
| sort _time
| table _time host sourcetype source user User TargetUserName Image CommandLine file_name destination"
silk_specter_hard,148,Which activity establishes OT-adjacent pre-positioning without direct ICS/SCADA manipulation?,,,130,0,,campaign_reconstruction,H148,multi-source,Reconstruct the full hard campaign from sparse cross-domain evidence,"index=<index> earliest=1775433600 latest=1775865600
| search (""103.27.186.44"" OR ""SGSI-NET-JMP-02"" OR ""JPTY-HIST-MGMT-01"" OR ""NZAK-MFT-GW-02"" OR ""APAC_Historian_Diagnostics_20260408.tgz"")
| sort _time
| table _time host sourcetype source user User TargetUserName Image CommandLine file_name destination"
silk_specter_hard,149,Which activity ID corresponds to final exfiltration?,,,130,0,,campaign_reconstruction,H149,multi-source,Reconstruct the full hard campaign from sparse cross-domain evidence,"index=<index> earliest=1775433600 latest=1775865600
| search (""103.27.186.44"" OR ""SGSI-NET-JMP-02"" OR ""JPTY-HIST-MGMT-01"" OR ""NZAK-MFT-GW-02"" OR ""APAC_Historian_Diagnostics_20260408.tgz"")
| sort _time
| table _time host sourcetype source user User TargetUserName Image CommandLine file_name destination"
silk_specter_hard,150,Which three evidence concepts are necessary to prove the final transfer is malicious despite an approved destination? Answer format example: value1;value2 (use semicolons; spaces are optional; order does not matter).,,,130,0,,campaign_reconstruction,H150,multi-source,Reconstruct the full hard campaign from sparse cross-domain evidence,"index=<index> earliest=1775433600 latest=1775865600
| search (""103.27.186.44"" OR ""SGSI-NET-JMP-02"" OR ""JPTY-HIST-MGMT-01"" OR ""NZAK-MFT-GW-02"" OR ""APAC_Historian_Diagnostics_20260408.tgz"")
| sort _time
| table _time host sourcetype source user User TargetUserName Image CommandLine file_name destination"
